{
    "best_score": 0.35030607793058843,
    "best_params": {
        "alpha": 0.0730383051020938,
        "popularity_weight": 0.09384300922158346,
        "num_iterations": 208,
        "interaction_weight_processing": "log"
    },
    "n_iterations": 9,
    "total_time": 750.4988024234772
}