params,score,score_std,iteration_time,ndcg,recall,ndcg_std,recall_std
"{'alpha': 0.0730383051020938, 'popularity_weight': 0.09384300922158346, 'num_iterations': 208, 'interaction_weight_processing': 'log'}",0.35030607793058843,0.0035067027402776994,43.350635051727295,0.3421067443343599,0.3967689683092169,0.0035084670041807837,0.0035935671839920553
